{"intents": [
        {"tag": "greeting",
         "patterns": ["Hi", "How are you", "Is anyone there?", "Hello", "Good day", "Whats up"],
         "responses": ["Hello!", "Good to see you again!", "Hi there, how can I help?"],
         "context_set": ""
        },
        {"tag": "goodbye",
         "patterns": ["cya", "See you later", "Goodbye", "I am Leaving", "Have a Good day"],
         "responses": ["Sad to see you go :(", "Talk to you later", "Goodbye!"],
         "context_set": ""
        },
        {"tag": "age",
         "patterns": ["how old", "how old is vvcebot", "what is your age", "how old are you", "age?"],
         "responses": ["newly created", "brand new"],
         "context_set": ""
        },
        {"tag": "name",
         "patterns": ["what is your name", "what should I call you", "whats your name?"],
         "responses": ["You can call me VVBOT.", "I'm VVBOT!", "I'm VVBOT aka VVCE's very own bot ."],
         "context_set": ""
        },
        {"tag": "shop",
         "patterns": ["Id like to buy something", "whats on the menu", "what do you reccommend?", "could i get something to eat"],
         "responses": ["We sell chocolate chip cookies for $2!", "Cookies are on the menu!"],
         "context_set": ""
        },
        {"tag": "hours",
         "patterns": ["when are you guys open", "what are your hours", "hours of operation"],
         "responses": ["We are open 7am-4pm Monday-Friday!"],
         "context_set": ""
        }
        {"tag": "fee structure",
         "patterns": ["whats the fee structure for cet,comedk","fee structure","fee for cet","fee for comedk"],
         "responses": ["for cet 78000  and comedk 200000"],
         "context_set": ""
        }
        {"tag": "scholarships",
         "patterns": ["what are the available scholarships","scholorships","available scholorships","what are available"],
         "responses": ["Based on merit and based on caste"],
         "context_set": "" 
        }
        {"tag": "cut off cs",
         "patterns": ["whats the cet,comedk cut off for cs,ec,eee,civ,is,mech","cutoff","cut-off","cet cutoff","comedk cutoff","cs cutoff"],
         "responses": ["6.5k for cs"],
          "context_set": "" 
        }
        {"tag": "cut off ec",
         "patterns": ["whats the cet,comedk cut off for cs,ec,eee,civ,is,mech","cutoff","cut-off","cet cutoff","comedk cutoff","ec cutoff"],
         "responses": ["11k for ec"],
          "context_set": "" 
        }
        {"tag": "cut off eee",
         "patterns": ["whats the cet,comedk cut off for cs,ec,eee,civ,is,mech","cutoff","cut-off","cet cutoff","comedk cutoff","eee cutoff"],
         "responses": ["15k for eee"],
          "context_set": "" 
        }
        {"tag": "cut off civil",
         "patterns": ["whats the cet,comedk cut off for cs,ec,eee,civ,is,mech","cutoff","cut-off","cet cutoff","comedk cutoff","civil cutoff"],
         "responses": ["18k for civil"],
          "context_set": "" 
        }
        {"tag": "cut off mech",
         "patterns": ["whats the cet,comedk cut off for cs,ec,eee,civ,is,mech","cutoff","cut-off","cet cutoff","comedk cutoff","mech cutoff"],
         "responses": ["12k for mech"],
          "context_set": "" 
        }
        {"tag": "cut off is",
         "patterns": ["whats the cet,comedk cut off for cs,ec,eee,civ,is,mech","cutoff","cut-off","cet cutoff","comedk cutoff","is cutoff"],
         "responses": ["8k for is"],
          "context_set": "" 
        }
        {"tag": "category",
         "patterns": ["what are the categories available","categories","available categories"],
         "responses": ["SNQ, agriculture, sports"],
         "context_set": "" 
        }
        {"tag": "name of candidates",
         "patterns": ["list of candidates who have verified their documents","documents verified","list","students verified","students submitted documents","documents submitted","documents checked","checked students","verified list","verified documents"],
         "responses": ["list"],//data needs to be fetched from kea.kar.nic.in website
         "context_set": "" 
     }
     {"tag": "required documents",
         "patterns": ["what are the required documents for verification","required documents","documents","documents to produce"],
         "responses": ["list"],//data needs to be taken from kea website
         "context_set": "" 
     }
     {"tag": "procedure for verifying",
         "patterns": ["whats the procedure for verification cet,pgcet,dcet"],
         "responses": ["list"],//data needs to be taken from kea website
         "context_set": "" 
     }
     {"tag": "questions about college",
         "patterns": ["questions about placements,branches,number of faculties"],
         "responses": ["college"],//data needs to be taken from vvce.ac.in website
         "context_set": "" 
     }
     {"tag": "cut off for different quotas",
         "patterns": ["cet cut off for different quotas"],
         "responses": ["list"],//data needs to be taken from kea website
         "context_set": "" 
     }
     {"tag": "quotas available",
         "patterns": ["list of quotas available","quotas","available quotas"],
         "responses": ["SNQ,SC,ST,GM,OBC"],
         "context_set": "" 
     }
     {"tag": "kcet website",
         "patterns": ["how to apply in the kcet website""how to apply","kcet","website","kcet website"],
         "responses": ["list"],//data needs to be taken from kea.kar.nic.in
         "context_set": "" 
     }

   ]
}